id,probability
0,0.16358037121356953
1,0.17772417958846656
2,0.6465882716977522
3,0.2379128970186819
4,0.5994579982980501
5,0.5
6,0.2567897575973379
7,0.23829558678612503
8,0.19437637095125995
9,0.1671870160505918
10,0.28558450957112735
11,0.941201992880416
12,0.235952988977325
13,0.3447471777334453
14,0.572146164092335
15,0.6481020775959052
16,0.19948135558853017
17,0.0910582402985017
18,0.6069320799168222
19,0.7371498274644136
20,0.19704329757122602
21,0.30192346868248127
22,0.2146635887222226
23,0.20191423003319606
24,0.5290303793138773
25,0.5124955561328511
26,0.24620481092412014
27,0.21780071406124876
28,0.19695785767081514
29,0.28781869544919386
30,0.14294597702808662
31,0.4936257619099093
32,0.31542966622956986
33,0.2325808804549037
34,0.22685876920801532
35,0.25306305924197625
36,0.3298303936533047
37,0.1804999775979011
38,0.1915544931144522
39,0.4458741799030967
40,0.20171490286486965
41,0.16187688760093316
42,0.6504097456746355
43,0.15721606019404516
44,0.33645029080475164
45,0.19825501280338725
46,0.14979487133802877
47,0.13767902459555195
48,0.1987628961492983
49,0.3598470928093093
50,0.1327934043099695
51,0.10783898441814886
52,0.190857009135287
53,0.1566565547004317
54,0.7379412668719313
55,0.2610740057577144
56,0.14871888462942
57,0.21411325821331892
58,0.5772630043835294
59,0.33567239774708185
60,0.7603017936281077
61,0.13804050050609826
62,0.5068710752721591
63,0.14645846537852988
64,0.30728015780233636
65,0.19410167667798006
66,0.34379593567448946
67,0.13054165684653404
68,0.20641516301896287
69,0.17136626064011215
70,0.20298591214419318
71,0.1813066393707935
72,0.372603916871999
73,0.29926369305376416
74,0.4364317555336456
75,0.18537910551026907
76,0.22559097901526012
77,0.20852958597277188
78,0.3144795159796843
79,0.17985812282695834
80,0.38835347290726985
81,0.2239593795042202
82,0.24104792014409177
83,0.3784097321553843
84,0.28239232986847274
85,0.1798063365871695
86,0.1998247519133267
87,0.21171668632427812
88,0.17915571115737278
89,0.3915795052278298
90,0.3349027601256746
91,0.22575522079765206
92,0.3372574935728692
93,0.3745454460278424
94,0.2722497131473227
95,0.1583040882092957
96,0.12417810583150389
97,0.18348099731096773
98,0.26565230522806454
99,0.9609093491796813
100,0.20328568297140087
101,0.24275708549008548
102,0.1727889252829669
103,0.1940507643443709
104,0.7437591210796272
105,0.2456903976844585
106,0.26831409458955097
107,0.1797713744074015
108,0.11031000945569758
109,0.12492063357196904
110,0.7570770069679708
111,0.2824462907837189
112,0.22083088982568946
113,0.3861444323023425
114,0.12017519446741629
115,0.3975625839184157
116,0.15941959061799968
117,0.16878980844727692
118,0.47329043454358544
119,0.646779623650433
120,0.13991282784437264
121,0.29123490491393755
122,0.13381487784505644
123,0.38122920667508203
124,0.2078261947592839
125,0.5945363820942663
126,0.5584756206462774
127,0.26014991933428017
128,0.22524501400533264
129,0.22631972659441818
130,0.2294353644367889
131,0.5112720391290672
132,0.19937771407123908
133,0.28870659945776156
134,0.1629261756829316
135,0.10733671203871087
136,0.4447833193653761
137,0.21779385034200072
138,0.19115820142041698
139,0.13324722530182495
140,0.17286926983200623
141,0.18328477763792572
142,0.40583222878987324
143,0.1235764905170794
144,0.1685263493085381
145,0.22010927491174864
146,0.25874141144419704
147,0.240524244504547
148,0.26107273960914557
149,0.16288509132488488
150,0.2046632307230789
151,0.543502888933084
152,0.22295086934200087
153,0.5281486296273081
154,0.9123550636541461
155,0.24096910010769246
156,0.3407172317662663
157,0.3013086690411887
158,0.7390693697281651
159,0.18400990225019043
160,0.8131454567143852
161,0.2397974171148631
162,0.21843684450417897
163,0.3771693654184009
164,0.8870571430489593
165,0.28684976088456454
166,0.5054387406176438
167,0.24937401275912227
168,0.13694904741711525
169,0.3805532027574529
170,0.2711691849313585
171,0.3197712036609652
172,0.6145603307928165
173,0.2340644663755204
174,0.30822228117727174
175,0.76208013652512
176,0.8342943169147125
177,0.7842252532942876
178,0.5226815509410956
179,0.8261044185601761
180,0.21660985206083416
181,0.8476972563524307
182,0.7158558658595094
183,0.16284754086006167
184,0.19521303923339842
185,0.5360396021083793
186,0.8882657875179358
187,0.19407114559965383
188,0.44757376843220176
189,0.2757337072878866
190,0.29969898322135285
191,0.25770092773798386
192,0.36849826521442364
193,0.24142350663157208
194,0.9409442043038836
195,0.6617188412848427
196,0.6758360378769709
197,0.14575604005836595
198,0.19429980740538144
199,0.45368228652130643
200,0.16346284044431258
201,0.3147410034565309
202,0.17387745129562127
203,0.7862806914038664
204,0.07755173669879176
205,0.1882843148604317
206,0.17999740665037883
207,0.30370688735586077
208,0.15348589424868125
209,0.1829890101773718
210,0.8929868843807313
211,0.66472633345148
212,0.1541941862924792
213,0.21888449094267695
214,0.16137365813049825
215,0.3085725183159343
216,0.3305155998483514
217,0.2614632404567487
218,0.2682100242062102
219,0.4154716560273347
220,0.5898205312107301
221,0.4323513100110704
222,0.3214447269574458
223,0.16199375644451813
224,0.15273405295540413
225,0.46672225443069026
226,0.22309601016489805
227,0.14375433933391857
228,0.12986158571282375
229,0.5
230,0.1367015681709965
231,0.5236610161222939
232,0.21124654683500582
233,0.2738916832128514
234,0.18854547388908946
235,0.28114681129237995
236,0.8772461406299822
237,0.4411169032915128
238,0.797476377810937
239,0.26295381922658007
240,0.8323384669648958
241,0.9288917940047685
242,0.18307170908575632
243,0.15307986814346758
244,0.2439858888943663
245,0.23508710980704015
246,0.15802833541266195
247,0.6464908682493204
248,0.1646080231864883
249,0.8718224585107075
250,0.6833474895858151
251,0.20965093231701645
252,0.6700248605249884
253,0.15812975670104978
254,0.11145668258101914
255,0.16520597486404964
256,0.4252633061468987
257,0.9342287220472324
258,0.4346099803479484
259,0.30425560654065015
260,0.21817087976396127
261,0.7942270058351469
262,0.7467382259549826
263,0.24044465430263948
264,0.2651257238550072
265,0.5529434365639727
266,0.24717617635330263
267,0.417647511802722
268,0.6538132211942206
269,0.20628595228398497
270,0.1919152210455918
271,0.764681871898034
272,0.19966468084306296
273,0.8655675618661219
274,0.21032563286891598
275,0.12904102981485602
276,0.5180098480863449
277,0.5478969239117648
278,0.2865580322348418
279,0.3812124268641976
280,0.3298525860041915
281,0.12798459704525486
282,0.6590553531341315
283,0.540624673854638
284,0.3839019290153741
285,0.3455755423890705
286,0.30090641000328533
287,0.29363141599835263
288,0.21626878450613446
289,0.20399367288197787
290,0.2354827684302051
291,0.30586122522113623
292,0.7880695368880671
293,0.6326329802437823
294,0.35186118130519006
295,0.3807449641710453
296,0.36857582563304425
297,0.1850883252233364
298,0.38488189224890224
299,0.9061039396815787
300,0.19219384251983748
301,0.16471958690337074
302,0.6019572587508507
303,0.2699344950461605
304,0.5347157212971899
305,0.24810032401082138
306,0.7160422824357815
307,0.11589272097805346
308,0.2547030937003079
309,0.38380015765802244
310,0.572314878567786
311,0.17652575810435328
312,0.2882819221881207
313,0.6295119613365371
314,0.8887697276468939
315,0.27499652994851054
316,0.19565430842862075
317,0.6581083110554417
318,0.45921017805584863
319,0.14761492710856527
320,0.3297455807860342
321,0.5301553044086581
322,0.8933361393188733
323,0.8457407230636866
324,0.3576908629466676
325,0.3319697659791799
326,0.20851346772713347
327,0.18198917632944242
328,0.297123270401792
329,0.7064501690401542
330,0.9432723997957565
331,0.21313817711942046
332,0.5
333,0.27368104192157
334,0.26427251062486984
335,0.5561552387448677
336,0.2825651422314058
337,0.327709337288825
338,0.2513241614781138
339,0.17443989443212088
340,0.2708242938174597
341,0.17320918020862075
342,0.2221803396152601
343,0.7241273124130817
344,0.24758914928495798
345,0.17121793312059247
346,0.15852788371279766
347,0.18828902478366671
348,0.22995910793226407
349,0.14922279519208942
350,0.3060973623089659
351,0.539708678997576
352,0.23434196632098586
353,0.16671524209186242
354,0.21249561997320385
355,0.10535950948987594
356,0.1794822555483113
357,0.3569318288669606
358,0.10556074973623461
359,0.7424185786091977
360,0.16144319876572266
361,0.3385289304949959
362,0.39740154014601803
363,0.2275071636805373
364,0.19894696000900325
365,0.37370516093166817
366,0.12262563771827367
367,0.7024611904490565
368,0.3161879672440251
369,0.14842795104256198
370,0.2024007054190883
371,0.20398398745700028
372,0.30361086125797193
373,0.30731254964350213
374,0.20549374428169248
375,0.39207411901689265
376,0.17198563684044027
377,0.8250843969019569
378,0.7479287652716885
379,0.1336482396428715
380,0.791566831916194
381,0.22532534291035713
382,0.26063035822513475
383,0.5432490071652376
384,0.24323515903925108
385,0.1467135945104565
386,0.31622502717065365
387,0.2725795408630222
388,0.3342093040576038
389,0.3449916692886777
390,0.1879131649305874
391,0.8256200490066576
392,0.5
393,0.8083527708411765
394,0.9798141616949504
395,0.13165707344162247
396,0.34793401851480027
397,0.25143578949147233
398,0.24994846170716362
399,0.19631995084523013
400,0.166776918355611
401,0.17610189191747458
402,0.21492133449520617
403,0.1548315522113666
404,0.21186975413123657
405,0.13082976081301922
406,0.4716880822178547
407,0.9325054046914363
408,0.22639371385417187
409,0.20393125838941467
410,0.2600736529638611
411,0.5284339347033639
412,0.7249957831236585
413,0.22556577839891512
414,0.23799129945881323
415,0.5125491848146082
416,0.14461272666397293
417,0.48184160824955086
418,0.150896971557798
419,0.16213653912824832
420,0.40094936284044386
421,0.26724383384331785
422,0.24377867252637306
423,0.19955107411233977
424,0.284572042188874
425,0.39167623404807467
426,0.2065622504836306
427,0.24525726216270796
428,0.275485576863242
429,0.29902950626373115
430,0.4106105934166497
431,0.15691660116947287
432,0.29564251570003686
433,0.5397172886118835
434,0.299150399129311
435,0.14737302674213715
436,0.924207752923838
437,0.330797110423694
438,0.1601436211432488
439,0.16733860904014272
440,0.2814525236251257
441,0.8491685482198392
442,0.18805379407598638
443,0.2865037889744927
444,0.14188592011730225
445,0.617752615808133
446,0.14209418803736154
447,0.21939281631693225
448,0.1630824603041101
449,0.17554759185099272
450,0.11598810306893766
451,0.8603093283882811
452,0.11514002763589422
453,0.10107585813310162
454,0.17818518721667864
455,0.5437706296886199
456,0.2918513082625274
457,0.16160808488826872
458,0.30242135741735193
459,0.6280635012137972
460,0.21137982310798784
461,0.20394903256036562
462,0.2270431073622692
463,0.18343563062787938
464,0.22160075849438074
465,0.48859099411124435
466,0.18732004710703282
467,0.4121968881523794
468,0.30878874104264725
469,0.3274581121331802
470,0.3025403445806873
471,0.1267909681995259
472,0.15833286121814233
473,0.4575261966355282
474,0.687292450801692
475,0.3815682618791622
476,0.19258069008682105
477,0.32343614649200997
478,0.2513853364285748
479,0.303333794124447
480,0.3296129610858106
481,0.25434384568762647
482,0.7168658370285879
483,0.25624518875866015
484,0.38658376797976307
485,0.2810713322903238
486,0.3548224871008427
487,0.13039985479837504
488,0.19371950728290344
489,0.3293304576203004
490,0.8959755133933799
491,0.146136127943321
492,0.2560460644817176
493,0.18938439764604173
494,0.28200841788333536
495,0.2543129986761277
496,0.23787313534842525
497,0.3345848477980243
498,0.7278818496312695
499,0.225717993315511
500,0.15245601578812687
501,0.4693526473250366
502,0.4283700229166279
503,0.15010064253843183
504,0.13461790931870551
505,0.18763782258936332
506,0.4106383810835374
507,0.1761453254468396
508,0.43268538517660443
509,0.1740245757725982
510,0.6058192186726641
511,0.14459797582983516
512,0.16929946224346995
513,0.20663625401948585
514,0.7862594355082227
515,0.8481635918292174
516,0.4595628438595976
517,0.16267842627042925
518,0.17800655589246422
519,0.14348815805082551
520,0.19271952133484818
521,0.8443491772546566
522,0.46209920170976615
523,0.4501350778799115
524,0.2151337827644241
525,0.27780007451787203
526,0.5
527,0.1355396702230803
528,0.2708951591279197
529,0.9073136823342867
530,0.31247556176461583
531,0.1959152853016575
532,0.7500120463952907
533,0.18226183858442016
534,0.2274984583446726
535,0.42132935795730786
536,0.18766687119481373
537,0.19015122404764204
538,0.14613480456272138
539,0.13061106868953945
540,0.30099168590644915
541,0.5786958679897691
542,0.16758026785871286
543,0.9504381219161493
544,0.44466862969112153
545,0.26822721641675207
546,0.11881719474706591
547,0.270723167360875
548,0.17421707653926577
549,0.5110588804816154
550,0.3312019040741129
551,0.2664127806089628
552,0.8119391454118751
553,0.1514508517294095
554,0.31568993506612963
555,0.26861264170960014
556,0.37261722259959096
557,0.26263064648633433
558,0.22538643157079868
559,0.3013925627188209
560,0.3902267612403811
561,0.21136692228105425
562,0.7058165484086378
563,0.13798511495179328
564,0.9678579418099346
565,0.17301064777176717
566,0.19720708138909013
567,0.38571854207643647
568,0.16345230541465114
569,0.20149600464102435
570,0.25335425000811945
571,0.1555114139404605
572,0.20248183312225415
573,0.7890437147071375
574,0.15309315190106837
575,0.2658528025326949
576,0.09392750882696237
577,0.38493058673009395
578,0.23905713462065076
579,0.8185293334063234
580,0.17042441113910115
581,0.34488139718688743
582,0.27125850442794214
583,0.37291491657117315
584,0.3382825469774681
585,0.7789020765100595
586,0.16029635571679973
587,0.23358644080127655
588,0.31969846593938783
589,0.1436312608223803
590,0.782837799486313
591,0.9558444565805253
592,0.24777104986522006
593,0.16840840369227217
594,0.2805521726181229
595,0.2195110562649622
596,0.8025458519685374
597,0.2986098933013722
598,0.13077879887142504
599,0.3345354888803418
600,0.9458806026932537
601,0.3822868707971008
602,0.1400026220995398
603,0.14929558903883378
604,0.16303916767455462
605,0.2057271768098027
606,0.2928355454973102
607,0.19868711515340626
608,0.2632406536414492
609,0.6368484474183909
610,0.6069558240627533
611,0.13821920642167854
612,0.24074030086672332
613,0.15171480261368045
614,0.24078059155426776
615,0.6703785213596087
616,0.6483934670909407
617,0.2602658396061257
618,0.17923619787756123
619,0.16159342249161038
620,0.26544023325903976
621,0.992635564502378
622,0.22050059770039918
623,0.7202849867232819
624,0.5481814027344266
625,0.5710244053912349
626,0.30616910331595826
627,0.14237949224551874
628,0.2914020574731185
629,0.6125927002755537
630,0.4284542464775481
631,0.4768330192981173
632,0.34662951502706973
633,0.14778797271753438
634,0.7172571022038028
635,0.34759218337004666
636,0.21815752715953932
637,0.10992220306493558
638,0.3074882762899489
639,0.17828299433633846
640,0.3376589957524011
641,0.35166724151820755
642,0.20913086794791083
643,0.2573987597709079
644,0.4625207214818985
645,0.310251320654817
646,0.28300099432049486
647,0.24526945271443878
648,0.1341007597983491
649,0.4627526102152885
650,0.667236765513407
651,0.3202486375221629
652,0.8328088257415618
653,0.48250891480012836
654,0.2580790927955962
655,0.27296804422712617
656,0.23939623441926974
657,0.2130413128463342
658,0.28740510223361104
659,0.8450068755028558
660,0.40881250520665646
661,0.12679143876437238
662,0.19879593541749363
663,0.27027738955653985
664,0.22628334332656064
665,0.3384075845338186
666,0.166000862991672
667,0.1266241027334886
668,0.19080861561249698
669,0.19494070658076645
670,0.10628030781561863
671,0.2495641648284192
672,0.555407942361351
673,0.2048005822827975
674,0.7666827662909962
675,0.1494090036555417
676,0.7566817144786944
677,0.25950676554201757
678,0.3993203808965273
679,0.22808477177917505
680,0.5880199383943782
681,0.3470830495955773
682,0.08295532708538274
683,0.37777980388595206
684,0.19353816622124573
685,0.6013249827329951
686,0.21627667360233438
687,0.1939407736891028
688,0.2270087994719828
689,0.21105661905080986
690,0.09598942830931671
691,0.3218890854573988
692,0.32972031112730377
693,0.5356154318785565
694,0.07463213010278345
695,0.16648728916719055
696,0.1390504713736593
697,0.21168264891654326
698,0.2627847731321428
699,0.44742947646393283
700,0.4376575322818697
701,0.4840284685988697
702,0.23655577359957783
703,0.48581355966641865
704,0.23156833120245016
705,0.16725679112936712
706,0.15859537824001496
707,0.1973839052435895
708,0.15096603104426673
709,0.09968539521934786
710,0.5459041733915695
711,0.2774037745884458
712,0.17740490129343653
713,0.47127214454434835
714,0.1618876296746626
715,0.4099300348676144
716,0.33943007545201087
717,0.2734523264674221
718,0.47364279830516043
719,0.14640867475767852
720,0.12373687530699838
721,0.17947924485981867
722,0.18732644571148008
723,0.4427574275423912
724,0.8179747826690555
725,0.7598449600283538
726,0.3445430729986481
727,0.7591160446282503
728,0.8289308557519617
729,0.1580257908836745
730,0.1841463141615315
731,0.22797223999586183
732,0.3037881908037353
733,0.1742054475389281
734,0.3178279778717894
735,0.52792217588527
736,0.7794125346465048
737,0.21074924773349493
738,0.3506247265418038
739,0.3019579757402453
740,0.8600705028756072
741,0.2195744846599305
742,0.6153036307197065
743,0.13652953735782103
744,0.12842294032451634
745,0.874654789491679
746,0.9282688993913251
747,0.5
748,0.5129504315576413
749,0.1725108987600698
750,0.2807032072509527
751,0.40129249493590846
752,0.18965695798039456
753,0.16168543146073264
754,0.21596287994756816
755,0.16362107609042417
756,0.20646737332896192
757,0.8585301271861439
758,0.2129990642467525
759,0.523145597089924
760,0.2795532246549569
761,0.31680270165858937
762,0.6518255307175027
763,0.26851915208489197
764,0.3910010180897307
765,0.2810589049716785
766,0.1288019041942713
767,0.2127655310245593
768,0.1600090825440072
769,0.17771858811637872
770,0.15912134868948646
771,0.26902331262778234
772,0.24113173807102678
773,0.21722448816810105
774,0.8143431173418291
775,0.7975930998016637
776,0.16109710830729407
777,0.1556026044597365
778,0.41340128128132553
779,0.25770477702965905
780,0.3749901716298393
781,0.11736142779729788
782,0.191482420973424
783,0.2750525139593671
784,0.3648879241149832
785,0.31905649111101564
786,0.14824753925223086
787,0.25452570048867346
788,0.18154640599315336
789,0.21126286020588683
790,0.18514834493872614
791,0.30204633380433094
792,0.1437025835107357
793,0.20300262444727582
794,0.39238793866873467
795,0.33595122956688
796,0.175985048672759
797,0.37972199171724175
798,0.1422264578967061
799,0.35503573832680896
800,0.25192405422340175
801,0.17454516675987208
802,0.8448681977813515
803,0.34525361721543985
804,0.1728330090685824
805,0.2286782731300468
806,0.20521221958559727
807,0.5603274865395189
808,0.8294509926992479
809,0.7717116887770983
810,0.0918450481133318
811,0.2539478334848957
812,0.39320973194750997
813,0.22075787916524028
814,0.22332598508321153
815,0.3621034988456106
816,0.15276245122433196
817,0.19870836710239967
818,0.23014985070828975
819,0.20208842353522094
820,0.24047245884687216
821,0.08784171499823107
822,0.514547499821816
823,0.14649923760510586
824,0.16507745668853505
825,0.8218479070907978
826,0.3518402759504255
827,0.13410231302612396
828,0.38357916265305064
829,0.3371035137050115
830,0.8265463062562872
831,0.6605135033835203
832,0.1810740539394697
833,0.1808192499486318
834,0.1843749008083841
835,0.34477773441502346
836,0.9280548508831341
837,0.16526816976738654
838,0.21642388936817553
839,0.20770060218592729
840,0.35015462124201996
841,0.3166709340991328
842,0.8658609212439131
843,0.6415408061209742
844,0.6856440533873773
845,0.2532217411436379
846,0.47121387166038653
847,0.3835816849147847
848,0.2764515077724873
849,0.25092419593346726
850,0.2081998555140821
851,0.1630935626415871
852,0.5232546236339162
853,0.4152769953181527
854,0.10348763885176768
855,0.20376865297933996
856,0.21462029359909598
857,0.5325247285012926
858,0.2777999352566012
859,0.1970191053118555
860,0.11876703873525847
861,0.2775815254361515
862,0.19844294593476175
863,0.16014328740529568
864,0.9291956845583024
865,0.22471253665379023
866,0.18016656478574958
867,0.23025682735843211
868,0.26551769569345823
869,0.377719398911355
870,0.8692298861512621
871,0.09384806037890252
872,0.31530175806558525
873,0.2995906286605845
874,0.23753892484130082
875,0.23729742408743634
876,0.12216459228060221
877,0.083006644278787
878,0.13562815021303892
879,0.21205038231902687
880,0.22478731874000502
881,0.1993622645906313
882,0.33230501795525025
883,0.8380733618824001
884,0.16897555534424336
885,0.4492496768844189
886,0.863943210322642
887,0.2782628816028551
888,0.5981529247895645
889,0.32944728138057017
890,0.14286470302479626
891,0.5745122841082392
892,0.5535791100458378
893,0.7764153592400589
894,0.20930230835598393
895,0.25242925524079063
896,0.17822706269509025
897,0.17197166901795818
898,0.5806686528702155
899,0.1803044895062536
900,0.8146817117369577
901,0.17306153901850807
902,0.22586442632622017
903,0.40706842897245565
904,0.3781450412270865
905,0.10392133405665115
906,0.7421919851590402
907,0.16293105596327112
908,0.8808467845279139
909,0.4472384104728792
910,0.35626656928923545
911,0.2177804727970422
912,0.09336916571722427
913,0.36816565462907397
914,0.09564407950912866
915,0.35203929146259305
916,0.25379947569209904
917,0.3148758590585355
918,0.387407517605327
919,0.4292631179716717
920,0.10711037568621677
921,0.37411418293835985
922,0.40844339825274467
923,0.3147705382561324
924,0.2767287694812919
925,0.7622944183382759
926,0.12971473373988218
927,0.2567396104371718
928,0.1901841920889948
929,0.2597960748083594
930,0.2731669123827333
931,0.31363279424239926
932,0.5664886469401833
933,0.14971780843568047
934,0.13367633507562898
935,0.48607277078206645
936,0.7630815963922132
937,0.8619908086201539
938,0.17238805701930515
939,0.7597123135445817
940,0.1863448453877749
941,0.3522816790982981
942,0.2444459984345617
943,0.1967855254150565
944,0.22947111237336043
945,0.37029570566652753
946,0.2095906786015373
947,0.11106356962225507
948,0.2308878693107991
949,0.23781083110804088
950,0.3975168605690179
951,0.2019203378601995
952,0.5908408933854071
953,0.12947835949803704
954,0.1840763360871849
955,0.5550262055372963
956,0.1890728493284695
957,0.17469267506739983
958,0.3007638021340127
959,0.15027202525394937
960,0.24896723275321547
961,0.19611107381549514
962,0.3506657889558897
963,0.3422217969802152
964,0.1482148894257923
965,0.19611401849216947
966,0.8818681068431782
967,0.39547114626708196
968,0.9157272468829892
969,0.1845888836536019
970,0.6328782277963202
971,0.22180027694462387
972,0.09373975352305754
973,0.6755675475990952
974,0.4517831479038524
975,0.5528543464495717
976,0.7725797946394184
977,0.2954670354752149
978,0.5925468945919533
979,0.2621262100444108
980,0.46440913025618974
981,0.839267723807003
982,0.31911334310394435
983,0.31535466276140767
984,0.7272548430240559
985,0.30339023667475007
986,0.37438617257466056
987,0.7006549714950709
988,0.34520045361017704
989,0.36954765253101185
990,0.23426974979855059
991,0.24681293956909053
992,0.35914586159681516
993,0.6301414682696876
994,0.0773068467945755
995,0.17929363423895409
996,0.3678494662534663
997,0.3351021536441569
998,0.5130351955071043
999,0.2655407899422256
1000,0.1604934861670476
1001,0.18105739563791987
1002,0.5266728479327386
1003,0.09110103109996988
1004,0.17491855537440895
1005,0.21755813643057925
1006,0.17562288812706034
1007,0.7644801349457153
1008,0.24979950964942735
1009,0.2439023431613883
1010,0.16857729695544488
1011,0.06614508020094147
1012,0.46177413272353385
1013,0.26855583655175796
1014,0.2143055445653293
1015,0.747730277733329
1016,0.21325263723014815
1017,0.24655461004991752
1018,0.3328607706688094
1019,0.13607650698208396
1020,0.589431786367953
1021,0.15672083984861754
1022,0.6476639592336711
1023,0.20075558206212515
1024,0.16385477057170061
1025,0.1970101018747439
1026,0.07858452854294819
1027,0.18291218477339535
1028,0.25399670077995806
1029,0.3791003190839295
1030,0.561844515700159
1031,0.5117786774747807
1032,0.1695256375996218
1033,0.3841687728662284
1034,0.7254267359323361
1035,0.24063186679918808
1036,0.2288129094607124
1037,0.1637679650981382
1038,0.22251106582069904
1039,0.676556947731417
1040,0.77702556352516
1041,0.6741806669649848
1042,0.19875657035975824
1043,0.17013375508752457
1044,0.06449197848091866
1045,0.1941903239407864
1046,0.802527943893021
1047,0.22502496514316883
1048,0.7575653273369255
1049,0.5860456715746255
1050,0.6740622236735299
1051,0.2895818525006043
1052,0.14929993223539362
1053,0.2767446230221171
1054,0.25782868861857017
1055,0.48841969420440734
1056,0.9216463887154815
1057,0.11643279302924675
1058,0.3037386925390012
1059,0.6565124750402743
1060,0.18839427938043965
1061,0.8471734686998771
1062,0.5912165487036011
1063,0.45408167041165426
1064,0.3013653710569577
1065,0.5905252962247625
1066,0.14697583946940518
1067,0.30058886588946543
1068,0.1642026116110784
1069,0.18831512946599496
1070,0.3381838495955084
1071,0.10653563714671699
1072,0.2168344434117743
1073,0.5755268130386456
1074,0.22654529255052525
1075,0.2529839194917352
1076,0.715110221776066
1077,0.1535987451925265
1078,0.6718284537000095
1079,0.6084938649602685
1080,0.1999157698219433
1081,0.7584909579818783
1082,0.22055223800085713
1083,0.1307799545183903
1084,0.8846907948405497
1085,0.1923355899381614
1086,0.8011336847918346
1087,0.17803545454590883
1088,0.49122703219831365
1089,0.4614436923464201
1090,0.5850369713610061
1091,0.5884599476722037
1092,0.3343945129569063
1093,0.817233571056847
1094,0.17138987667614156
1095,0.7186294147786826
1096,0.281333022946724
1097,0.16729074956165718
1098,0.6591672953311124
1099,0.13217394870340135
1100,0.16877911567834883
1101,0.706006007038332
1102,0.15824576786629793
1103,0.15137383035635774
1104,0.43042094083381377
1105,0.8062774273306635
1106,0.15761940140884942
1107,0.17463661016202184
1108,0.1609936386265536
1109,0.4161252215426749
1110,0.2367154543877694
1111,0.3978940097870709
1112,0.14225869888340836
1113,0.8766690080812978
1114,0.33167824103852755
1115,0.14828680750571152
1116,0.2317588071552053
1117,0.2014912021090115
1118,0.9606811587557977
1119,0.20667279211462966
1120,0.2511333937689769
1121,0.9199786767274707
1122,0.1494626506630709
1123,0.7314266756281195
1124,0.13527311832909208
1125,0.6936458217621438
1126,0.3433935246036623
1127,0.6460662695484177
1128,0.2708952109065411
1129,0.17017425535939443
1130,0.16232989610011708
1131,0.198906785174241
1132,0.12727427506395125
1133,0.15499629861425776
1134,0.17944138478383387
1135,0.19411809439521213
1136,0.23005286567928776
1137,0.2229815028875696
1138,0.36379558520958943
1139,0.24544584450818369
1140,0.2245480793504531
1141,0.271645656824981
1142,0.09742684821768453
1143,0.1029975243275977
1144,0.28187953188915554
1145,0.3723305415623552
1146,0.5212246938290197
1147,0.6026269012949365
1148,0.22005549712870537
1149,0.16654158026083565
1150,0.7759243802543934
1151,0.2763167861205243
1152,0.12319075997958126
1153,0.26030421443881285
1154,0.22959288745296436
1155,0.29967025073948644
1156,0.09833183877841946
1157,0.9520231253053053
1158,0.22852786964953892
1159,0.21500459915122486
1160,0.1490749945662839
1161,0.40210805729962623
1162,0.11552907933614599
1163,0.3725027193330217
1164,0.23936558881461134
1165,0.37250501272187286
1166,0.1282072864785786
1167,0.3672124864699581
1168,0.2350255659507723
1169,0.20876238387892807
1170,0.9651822977186504
1171,0.35990282898869264
1172,0.4947907894566564
1173,0.5814983481013435
1174,0.8864881288416561
1175,0.12460447347584655
1176,0.21777680307553166
1177,0.2722295838717847
1178,0.3485165568199718
1179,0.32170768108448455
1180,0.7660316993261809
1181,0.49415526075186184
1182,0.4130292354262365
1183,0.7011957015808872
1184,0.6482243432219406
1185,0.14302358853462205
1186,0.16284125322042875
1187,0.3289585045498387
1188,0.5103311948500874
1189,0.20240711221839613
1190,0.2220414298249815
1191,0.1918899790465578
1192,0.3824721542938859
1193,0.2790388119771177
1194,0.17195705610564435
1195,0.1883511327043452
1196,0.14282935900113322
1197,0.584110885830762
1198,0.3976542665433676
1199,0.4888876778979933
1200,0.22319025943611892
1201,0.10604619662857528
1202,0.24317645939082377
1203,0.2259178954769638
1204,0.3289126311392685
1205,0.23281434715487223
1206,0.29442124178708107
1207,0.1863324689491456
1208,0.3912484150885849
1209,0.26453834581557034
1210,0.15504200591128892
1211,0.22651257110566375
1212,0.14490771100884195
1213,0.18313151993815555
1214,0.21040650060322005
1215,0.2261217939806507
1216,0.36482307445076806
1217,0.7441620323651147
1218,0.17799264179546595
1219,0.46106443037866846
1220,0.27986169947548317
1221,0.2309919094627025
1222,0.3558269024893761
1223,0.9365671618655831
1224,0.7530605087907665
1225,0.4238678963092872
1226,0.699646836216001
1227,0.3076231073834989
1228,0.1868075775260037
1229,0.15900724298116906
1230,0.20146938475040502
1231,0.7723396824357933
1232,0.23264803758973562
1233,0.5214277963022688
1234,0.5
1235,0.26791449284547325
1236,0.3557858248204807
1237,0.8612703103413367
1238,0.793141054533775
1239,0.3931257778097342
1240,0.6949450923636965
1241,0.9090031072686361
1242,0.8593587628024774
1243,0.6990395319555781
1244,0.7484044486925725
1245,0.27633986855179543
1246,0.1640993051802659
1247,0.15959560942428128
1248,0.14837819278571054
1249,0.7226175686127472
1250,0.15871647586291052
1251,0.20037278264309727
1252,0.3304541707609521
1253,0.28325032864883476
1254,0.1767732998995693
1255,0.31394152071414444
1256,0.49477376389298816
1257,0.13869594163610804
1258,0.2764351432491829
1259,0.23006056688621912
1260,0.17301379717405513
1261,0.15541131627277566
1262,0.8310847687337153
1263,0.15936340331271434
1264,0.5892729731778656
1265,0.5958983447628262
1266,0.17746592248891055
1267,0.20560860830779823
1268,0.35300046856768624
1269,0.3035598977465688
1270,0.42178583906129546
1271,0.5786916513670722
1272,0.4841753641593744
1273,0.16753682152638477
1274,0.2918300453615274
1275,0.6450996420009804
1276,0.15353024620559233
1277,0.2875260989483095
1278,0.3342324117206249
1279,0.18048690287511135
1280,0.235672173670035
1281,0.15231081887634212
1282,0.15487136662732617
1283,0.18351856374076134
1284,0.4411253018822528
1285,0.17908575926530695
1286,0.065368954897198
1287,0.21682774493895937
1288,0.298735899947654
1289,0.21094763325452678
1290,0.585254643808724
1291,0.3126268348151049
1292,0.21810011289209444
1293,0.445880947511421
1294,0.23227613311896458
1295,0.19083779453258312
1296,0.23726688715409297
1297,0.21349852262632693
1298,0.36083551601627173
1299,0.8252989255618215
1300,0.44182810738406525
1301,0.22159775680589366
1302,0.21277776229393394
1303,0.14038194577965804
1304,0.21836654946235756
1305,0.17993664950383095
1306,0.14797332806127358
1307,0.3447422573872941
1308,0.4101239871361569
1309,0.3446892801345035
1310,0.25331074382536384
1311,0.22875967173339795
1312,0.25816788288968495
1313,0.27668702012746693
1314,0.2904316080435632
1315,0.20973154146304165
1316,0.39064990637816366
1317,0.9085197764107982
1318,0.19947517261075245
1319,0.15515433392502673
1320,0.5478093934480476
1321,0.1335583958325053
1322,0.17882930083095597
1323,0.6531816553474582
1324,0.27887229878560915
1325,0.8026700681592451
1326,0.24401499026904144
1327,0.16284666665191744
1328,0.51017987180088
1329,0.09932289118013793
1330,0.3397642064071102
1331,0.25207380741235896
1332,0.17205311480507116
1333,0.26087557166823194
1334,0.2976901261591523
1335,0.16276064990660977
1336,0.45334332492854484
1337,0.24191603315216217
1338,0.7432901233678801
1339,0.18684468991715697
1340,0.5927171103329782
1341,0.6871940295058236
1342,0.1712911646523113
1343,0.23899201783043772
1344,0.17425705512845613
1345,0.6992038567232363
1346,0.9059536342135283
1347,0.26428953793638515
1348,0.260041219803103
1349,0.10528429100093006
1350,0.2304985802179015
1351,0.1859341675787223
1352,0.1346797562200467
1353,0.4570876224912678
1354,0.3385832784152721
1355,0.2741325146382675
1356,0.3990403878983212
1357,0.1842971220973981
1358,0.37921661872457774
1359,0.21248850290360502
1360,0.3929217628592024
1361,0.34134587198357946
1362,0.14114723775425064
1363,0.3430903635199016
1364,0.16800436491048493
1365,0.28930843909839626
1366,0.26603955030569265
1367,0.22959387435459472
1368,0.17771859425945397
1369,0.7861769713148955
1370,0.8755954918528983
1371,0.23106533031773765
1372,0.7836561742296069
1373,0.8734654279272362
1374,0.6283544077575448
1375,0.15296922790504963
1376,0.14770356271749244
1377,0.2692091918866149
1378,0.29693965856806814
1379,0.43620228949510653
1380,0.35083700953816616
1381,0.945841015398349
1382,0.16243702907718618
1383,0.42852557178899203
1384,0.9935064337089112
1385,0.22133935362531587
1386,0.2932033775440984
1387,0.76289471207429
1388,0.1683723510414628
1389,0.17536619651300786
1390,0.2826802607336217
1391,0.17312194798573885
1392,0.10137355010838058
1393,0.2261292794002261
1394,0.38936559433864315
1395,0.2940636068134537
1396,0.8711574948900392
1397,0.24404503158671187
1398,0.2277755022099905
1399,0.28901783845565404
1400,0.22939187572508948
1401,0.29126465919110195
1402,0.17456752376048443
1403,0.6218755705628364
1404,0.21820671778708045
1405,0.24295637182790966
1406,0.733322288399169
1407,0.3691836340822772
1408,0.2533363421272159
1409,0.23681750318273667
1410,0.6092046873624555
1411,0.11880185596665271
1412,0.2663615583888436
1413,0.29214603230133124
1414,0.6778726495455651
1415,0.15357526214237593
1416,0.1726991708569033
1417,0.1778450742130445
1418,0.37392453591090685
1419,0.17270364271439376
1420,0.9349211075539539
1421,0.4253700500280236
1422,0.21615379586685496
1423,0.5817683862084628
1424,0.15245568685877958
1425,0.2311374837559373
1426,0.33608511762784543
1427,0.2421133950766641
1428,0.14176862361225245
1429,0.145617033313528
1430,0.9649845887991183
1431,0.38466836353941697
1432,0.2942919647786865
1433,0.17542675506699418
1434,0.24658396902217192
1435,0.37215735092498786
1436,0.2578018457076307
1437,0.2635048336610051
1438,0.21817634832842772
1439,0.2297361536170949
1440,0.4081445142505807
1441,0.8190746233354773
1442,0.3516671969695604
1443,0.5340356462175844
1444,0.2005686966822413
1445,0.3336630129564278
1446,0.2060325572561198
1447,0.15184373255061365
1448,0.15815047646075972
1449,0.2206272850460188
1450,0.2387510985876727
1451,0.1353470622510908
1452,0.18232145217412388
1453,0.16280381609860373
1454,0.2513205252210638
1455,0.8583722906016996
1456,0.5642280076113309
1457,0.5592332307867964
1458,0.10670148409712371
1459,0.8691430995233681
1460,0.877975422521496
1461,0.21417028013010744
1462,0.9680284276105051
1463,0.24783020298221042
1464,0.5857429877973946
1465,0.27850940772476934
1466,0.17717880725258806
1467,0.8662215857073499
1468,0.10221399303943429
1469,0.8106501103892424
1470,0.18719532044194495
1471,0.8822401286500492
1472,0.4202456664604358
1473,0.31700709387365256
1474,0.2800812857482818
1475,0.24444752316965418
1476,0.215530810717346
1477,0.5
1478,0.27246237889875274
1479,0.22795910416155285
1480,0.28402734401112434
1481,0.5171774609536813
1482,0.16513136552524357
1483,0.8454874543770836
1484,0.18211803896106393
1485,0.840070623790878
1486,0.2045842714158937
1487,0.10163235016628233
1488,0.1990244370860416
1489,0.19041360462360524
1490,0.25300590399155076
1491,0.5477512281655338
1492,0.22779410958656587
1493,0.13704958801975253
1494,0.1765850721844373
1495,0.22213545787914138
1496,0.18420433074188547
1497,0.9889242451378774
1498,0.2913927342314748
1499,0.3363641303523266
1500,0.16872110063135431
1501,0.1826124408491933
1502,0.14425429812968157
1503,0.8132109052378014
1504,0.3730649876478402
1505,0.33848958508529836
1506,0.7463839629882588
1507,0.23494878073726777
1508,0.36548264849948364
1509,0.789011914590245
1510,0.2908728276151741
1511,0.7174245306178204
1512,0.1658419564829878
1513,0.1197002987173311
1514,0.4379468117874701
1515,0.2065851852390619
1516,0.2976980953907492
1517,0.27550175669041704
1518,0.3119374264560812
1519,0.1675244757451939
1520,0.4424739994491531
1521,0.6577753245405501
1522,0.3176400970408425
1523,0.16538293628654618
1524,0.491567807464507
1525,0.515921763520359
1526,0.26389680109559105
1527,0.7458717026378985
1528,0.2748765986287988
1529,0.2814051847422628
1530,0.6111667621831016
1531,0.5750513557267116
1532,0.16818633956647805
1533,0.14603094012336643
1534,0.14379141404910717
1535,0.433581772158649
1536,0.19205920301453877
1537,0.20714181530457446
1538,0.24028457739435324
1539,0.1536251219221544
1540,0.16478504418474316
1541,0.7594044686843031
1542,0.6856058477856731
1543,0.20931789442091359
1544,0.35524486030826774
1545,0.25507761591080563
1546,0.24828012647275077
1547,0.6637970178998539
1548,0.1390984306891708
1549,0.48102786811876413
1550,0.19850777090375651
1551,0.1467462631494821
1552,0.5146292806740215
1553,0.13365202639983068
1554,0.48667778394052025
1555,0.2932331639547811
1556,0.5698819344383618
1557,0.16301849066968352
1558,0.1722754702565804
1559,0.31277741300424805
1560,0.1808355830770154
1561,0.6399763944789233
1562,0.20125329875731077
1563,0.3016426598067929
1564,0.3095716365208384
1565,0.15789926063390822
1566,0.3832405512717694
1567,0.18977062404043954
1568,0.31850790790402683
1569,0.6455079249077025
1570,0.2688071289684724
1571,0.2600649437731162
1572,0.7356719221544644
1573,0.7939320397928149
1574,0.2937051080266165
1575,0.42651606973796335
1576,0.2072573594772614
1577,0.4801655457285134
1578,0.3967347155542722
1579,0.1315036162096905
1580,0.11351769252971143
1581,0.16358920233966692
1582,0.10665185032944308
1583,0.2517765933120752
1584,0.6891363912909618
1585,0.19535631217267715
1586,0.1643857907218217
1587,0.21522890528140093
1588,0.17960733382323585
1589,0.5705931214474274
1590,0.244950970657045
1591,0.5225391491621987
1592,0.29801372236344076
1593,0.1443978623296668
1594,0.8809430365372483
1595,0.37875236094967724
1596,0.32178938836927445
1597,0.33680197659402444
1598,0.19371531732717906
1599,0.38119070682192446
1600,0.2623825924428247
1601,0.19900624264841868
1602,0.24285151153209544
1603,0.16101824720393182
1604,0.1786413066673515
1605,0.15371252003937447
1606,0.2999204480442351
1607,0.23038939133404615
1608,0.2322606659353873
1609,0.7097379318200422
1610,0.33543251543748587
1611,0.22582141975429437
1612,0.5802794516775343
1613,0.17310730127227242
1614,0.29108570770774794
1615,0.18873071047693177
1616,0.30925543841642744
1617,0.2039796645270969
1618,0.8198431339484122
1619,0.1727022340020246
1620,0.1490085393236444
1621,0.7561293694768939
1622,0.24293399350889908
1623,0.21221402551320118
1624,0.7509652131815052
1625,0.6369249850267299
1626,0.2680653995743743
1627,0.3897328281993838
1628,0.40996128794966386
1629,0.7817205701432639
1630,0.26770945935664436
1631,0.20908431174640557
1632,0.19518760897167817
1633,0.20336033935486758
1634,0.5503523133712257
1635,0.22936325231044993
1636,0.25043612130236154
1637,0.7523562843960969
1638,0.1635728648240547
1639,0.21721641730274915
1640,0.2548024199666498
1641,0.23784299558871505
1642,0.48930052330561874
1643,0.15847035149001354
1644,0.20160465545708628
1645,0.34640843075465527
1646,0.23820018353479147
1647,0.6535259147310416
1648,0.16097332015233287
1649,0.7201293005483405
1650,0.1340022538596574
1651,0.4752702632399992
1652,0.16967987243138669
1653,0.19629497202956603
1654,0.802856558481439
1655,0.19699860909036632
1656,0.2678508176674575
1657,0.1940221838957817
1658,0.21880807263046556
1659,0.21679194362097043
1660,0.32985941798399304
1661,0.5495737926807885
1662,0.28431901774543294
1663,0.4410202429561543
1664,0.2039139405087922
1665,0.8165696861789238
1666,0.40707491776413274
1667,0.5614701323795723
1668,0.4199800298211141
1669,0.14302809044636938
1670,0.15388584007332817
1671,0.3443979366779806
1672,0.9877648760085531
1673,0.2558430016086672
1674,0.874767878754774
1675,0.44185868843729575
1676,0.13744147620804847
1677,0.22170704595845347
1678,0.27671690151010564
1679,0.45046227144123024
1680,0.21225923191496485
1681,0.20787434676490588
1682,0.12232661754760545
1683,0.7378750208945642
1684,0.40483471452565767
1685,0.5465295881674586
1686,0.2825816196354043
1687,0.702813828160134
1688,0.3984186816114129
1689,0.22365278318030643
1690,0.3748982989872278
1691,0.22736467239972916
1692,0.5214423971085391
1693,0.7122321361768988
1694,0.33241972352520704
1695,0.28914797939453846
1696,0.3406416945326393
1697,0.24093328504197487
1698,0.3210985948591111
1699,0.8299229102929212
1700,0.48444885438363194
1701,0.20670312590455456
1702,0.1569421732763966
1703,0.28287811523980666
1704,0.1435594188009612
1705,0.24509190320921598
1706,0.11981855108121262
1707,0.16841064258902208
1708,0.20530272958775925
1709,0.18232159708160237
1710,0.17447872981627174
1711,0.3566100847621519
1712,0.16124043126826804
1713,0.09968236193839698
1714,0.29777043394910413
1715,0.21738344113399677
1716,0.23667470200341195
1717,0.23064316256937992
1718,0.3206672575881389
1719,0.2023043249807714
1720,0.20957927229430642
1721,0.19768230023917485
1722,0.3643239428311987
1723,0.3915077491955463
1724,0.5101681833736719
1725,0.4214137849816331
1726,0.2357642910356663
1727,0.22089158417097715
1728,0.27901918699716155
1729,0.2988503088252039
1730,0.41806904071643897
1731,0.15510173593537266
1732,0.23979919802043725
1733,0.21366922164639238
1734,0.8986650288786415
1735,0.9459515490324824
1736,0.2984646449894169
1737,0.24584969747675686
1738,0.31980225876226487
1739,0.898855254846525
1740,0.1483998870490418
1741,0.15656916755611439
1742,0.2735838112112427
1743,0.25914989893126844
1744,0.18956688161848884
1745,0.17568413687143214
1746,0.15658441710152673
1747,0.2899996134424907
1748,0.21745850861016786
1749,0.40014437519268187
1750,0.1544928633653145
1751,0.2774995422440219
1752,0.5587353367574649
1753,0.2155888452661838
1754,0.2921536378598874
1755,0.33839434904993615
1756,0.6896909531878898
1757,0.268985549675099
1758,0.16586522428900485
1759,0.3408420389370772
1760,0.7183187126774423
1761,0.4525065037601654
1762,0.19468128109245406
1763,0.31516663122700916
1764,0.18463298067539896
1765,0.527703917778225
1766,0.23400180046694752
1767,0.2317524591292248
1768,0.12250412102456487
1769,0.2712083954314699
1770,0.27405974568105707
1771,0.9533077876520237
1772,0.17769681675590504
1773,0.16232953114878484
1774,0.14189264044129016
1775,0.11185209416516353
1776,0.26513664814893734
1777,0.5354681732902595
1778,0.42705716873953
1779,0.19542330893749438
1780,0.21392969232916415
1781,0.3094787777908326
1782,0.5964588753970169
1783,0.7322240966503396
1784,0.45074961764182486
1785,0.7963262964290482
1786,0.23452056808228608
1787,0.26693920221136064
1788,0.20691252186955406
1789,0.246381531954472
1790,0.4737409611381812
1791,0.07479711975071097
1792,0.20982555117981153
1793,0.15362005361645617
1794,0.6225360479017173
1795,0.2875555337865658
1796,0.4330595480133154
1797,0.2013280018453989
1798,0.3694359277023301
1799,0.2750127228210866
1800,0.15063399359457355
1801,0.11039544300615012
1802,0.14134616767708114
1803,0.2097933641839261
1804,0.21527981931302473
1805,0.47112209244213904
1806,0.18413496624398007
1807,0.7992356118412306
1808,0.36672845108280205
1809,0.344123508216282
1810,0.26194301118432345
1811,0.2083972760383303
1812,0.4741944689661554
1813,0.13179060785166985
1814,0.3631632229308209
1815,0.0885383158995034
1816,0.29081872830096933
1817,0.18542035655897102
1818,0.0775943956469313
1819,0.23462879139619816
1820,0.4545295980100313
1821,0.493531859783247
1822,0.24387767929230597
1823,0.48083135340993727
1824,0.16579592058648762
1825,0.14677698443596912
1826,0.4059011291163022
1827,0.23248943186128543
1828,0.3885649308456407
1829,0.25406500448154035
1830,0.2917850714490024
1831,0.2556966707510419
1832,0.5465809785311361
1833,0.7895724808796547
1834,0.13758425811224068
1835,0.3114969273848318
1836,0.3686467050845195
1837,0.8094954921737332
1838,0.222996892702401
1839,0.2378304862129453
1840,0.3506347935153397
1841,0.3275408170387239
1842,0.7370656122913384
1843,0.4628442860820755
1844,0.4527516781465175
1845,0.22842858677162126
1846,0.20491070995743318
1847,0.6401644648787332
1848,0.18289554782718934
1849,0.6447245194660377
1850,0.12084652914121836
1851,0.1419316943475955
1852,0.13825300979127605
1853,0.17581761802814752
1854,0.397544450484034
1855,0.7948099763863125
1856,0.5
1857,0.21280532342865033
1858,0.34213958302325154
1859,0.7688673650812683
1860,0.6460469451802578
1861,0.14054815947661292
1862,0.20601618583949885
1863,0.5318609755297881
1864,0.4522018342872042
1865,0.3025417554099638
1866,0.3728491052628593
1867,0.2599185850566944
1868,0.17284572786836866
1869,0.33609034169092955
1870,0.7430242145072196
1871,0.7580661298386341
1872,0.19838552780601282
1873,0.336971495856373
1874,0.17122623736763562
1875,0.36454039179149583
1876,0.6758299812086391
1877,0.33050705186227514
1878,0.270034504541691
1879,0.32276937080071577
1880,0.3229784262264872
1881,0.2919941565044145
1882,0.9345273534230758
1883,0.5532312671925913
1884,0.22131402624113164
1885,0.1480766922395461
1886,0.17472302472029275
1887,0.6989118477646802
1888,0.5896510293462558
1889,0.2236558233647661
1890,0.22011003506295546
1891,0.16892524963030237
1892,0.2675942313773935
1893,0.1685490019414468
1894,0.11047620549920763
1895,0.3473488201424586
1896,0.25563383430741615
1897,0.20945101542416206
1898,0.17510611463494005
1899,0.8926488522996446
1900,0.19654130660992924
1901,0.7555002964514708
1902,0.2280838813682983
1903,0.16111605366433066
1904,0.6085530817982923
1905,0.18961526651924093
1906,0.20079904416428845
1907,0.313207102313437
1908,0.7901944543031588
1909,0.2161207818491092
1910,0.3325391891922229
1911,0.31401686281049174
1912,0.3144498240759769
1913,0.14286521159619645
1914,0.17145513030831458
1915,0.921364773293125
1916,0.27854807044154023
1917,0.37901912699519874
1918,0.14470765577325925
1919,0.31255210927419363
1920,0.7566774213656247
1921,0.25811529213109324
1922,0.18858824337418187
1923,0.5536849776892577
1924,0.4925376018972645
1925,0.563428752170731
1926,0.2537825263809569
1927,0.21470373808345125
1928,0.7530613348221804
1929,0.17715522088605917
1930,0.2084440686882861
1931,0.37176206495564923
1932,0.3147580994258321
1933,0.17640077493177478
1934,0.29261770109273144
1935,0.5
1936,0.16517659905180845
1937,0.3004893228258723
1938,0.15548136479331548
1939,0.2018634869694753
1940,0.4687808960614974
1941,0.5731279174553864
1942,0.19095184312665692
1943,0.37322626594568115
1944,0.7322151821608034
1945,0.21833416071021955
1946,0.13179512569373797
1947,0.5349354739981628
1948,0.7124208864911751
1949,0.7939685632102197
1950,0.5750489207125986
1951,0.20658157212236086
1952,0.23437344311925346
1953,0.14831943287644983
1954,0.18791844343860234
1955,0.4649545750600736
1956,0.7413528603902556
1957,0.3749234926635185
1958,0.16487235547838242
1959,0.573310324694991
1960,0.20084210631555469
1961,0.45426625539369125
1962,0.2990792434892015
1963,0.16426191843176893
1964,0.24405037157996032
1965,0.15730379592996627
1966,0.8487440794862117
1967,0.9519191020658012
1968,0.3333432081056379
1969,0.4718458366558698
1970,0.28616868644434684
1971,0.855591670825904
1972,0.24028401320160697
1973,0.4425264661567596
1974,0.7461003156663639
1975,0.7515729925414443
1976,0.25350939186600707
1977,0.22913674557446154
1978,0.24595511277721774
1979,0.8863110851869999
1980,0.18601468453622375
1981,0.2591584703501902
1982,0.2371724277171955
1983,0.17194184258773418
1984,0.18636972947888739
1985,0.21406971778294323
1986,0.6274597167747326
1987,0.6577798439591716
1988,0.17067385413062308
1989,0.8353082725636848
1990,0.3082794626089856
1991,0.19443680958713283
1992,0.7952660493977848
1993,0.13411497792976665
1994,0.17133270379086737
1995,0.4702778590709024
1996,0.3496031511100244
1997,0.6073580279956855
1998,0.4419629438703382
1999,0.2774451169808904
2000,0.3625841497998555
2001,0.12722180678133194
2002,0.2597990526249388
2003,0.6991989372341666
2004,0.21231809601700086
2005,0.15009407850411688
2006,0.33088517717246796
2007,0.13555949533382194
2008,0.21963811168590502
2009,0.19551907979113572
2010,0.2132471092614225
2011,0.24270698221196532
2012,0.2500541983553102
2013,0.7929018778055739
2014,0.8222847105780664
2015,0.25143113969893366
2016,0.2653432464935426
2017,0.6345071033758377
2018,0.4112330435669485
2019,0.10579627224666492
2020,0.2517423368681336
2021,0.760477529320135
2022,0.21441757815798076
2023,0.3640248213530202
2024,0.1749715668712917
2025,0.4888191722626078
2026,0.22952916387285296
2027,0.21115670239517428
2028,0.46548757170542304
2029,0.37032522943725543
2030,0.1960874821184031
2031,0.350210776404477
2032,0.22424284455938504
2033,0.4806722386415907
2034,0.3655332359830017
2035,0.33182445114612924
2036,0.24555230550785836
2037,0.5151513078425896
2038,0.8812313320824103
2039,0.10768471060358369
2040,0.3740773907379456
2041,0.9645133978848093
2042,0.3038065516721196
2043,0.60165131750788
2044,0.41894007146733026
2045,0.1512180489043091
2046,0.19852130857352068
2047,0.8420547877194966
2048,0.9308490532780593
2049,0.32205421056471933
2050,0.9528404965304106
2051,0.14242227749182737
2052,0.5967195109456511
2053,0.19087316691340991
2054,0.2271653610491877
2055,0.8500898359676508
2056,0.19449355602069096
2057,0.3388532932526338
2058,0.6305006270007387
2059,0.2634566477067248
2060,0.15115391647395474
2061,0.17276529419705597
2062,0.14806832408744847
2063,0.49377721158172905
2064,0.1824641086741056
2065,0.18981381563768895
2066,0.4440707974632409
2067,0.8263938269179164
2068,0.36825351146016394
2069,0.28573349222418826
2070,0.40529169667109805
2071,0.8723377496685595
2072,0.7429006775434054
2073,0.19836936551382942
2074,0.2171257781399124
2075,0.16268192180537622
2076,0.3287843742557797
2077,0.23133040662537022
2078,0.9864622644209541
2079,0.36816499664122776
2080,0.2655739350458747
2081,0.20794457484092402
2082,0.4013095359260202
2083,0.8117604134996417
2084,0.1782406204120566
2085,0.144277595142186
2086,0.18384618819694265
2087,0.30849745531445527
2088,0.9420348550088241
2089,0.8237098589580094
2090,0.14761649162793714
2091,0.2083092730169406
2092,0.19919170344879586
2093,0.3338694553174526
2094,0.9580014705282588
2095,0.2130885738170746
2096,0.29509185950471095
2097,0.3473435426215651
2098,0.14730945440240448
2099,0.13469066132611646
2100,0.6126595261703712
2101,0.19299924603319488
2102,0.4363623265662774
2103,0.2683522169432278
2104,0.24558214384013394
2105,0.7944486623227532
2106,0.7055602634470498
2107,0.19704447862819296
2108,0.3984387484338118
2109,0.48764658266375294
2110,0.6069455559050613
2111,0.865081526379092
2112,0.5528541173533674
2113,0.8180007576731706
2114,0.2549789643647172
2115,0.30930232538924257
2116,0.2247862420734712
2117,0.800222916553623
2118,0.27032921397023746
2119,0.17231129974042855
2120,0.1129064342934875
2121,0.3162240604163661
2122,0.16009526765130822
2123,0.4562727867753364
2124,0.23235648393820582
2125,0.6754924381358794
2126,0.19193420135894926
2127,0.18342352324312794
2128,0.17137492490442813
2129,0.28274050009082974
2130,0.8874874101283733
2131,0.6420702061188458
2132,0.20706112421540265
2133,0.3516438502215774
2134,0.3517295272798822
2135,0.34188447764989754
2136,0.37770488972604316
2137,0.9727076860618551
2138,0.2801370015876525
2139,0.2521875664249153
2140,0.24370190262819388
2141,0.3982418855376022
2142,0.777086120575528
2143,0.32170625067945535
2144,0.20752826770827967
2145,0.20204123626017034
2146,0.7727378490090623
2147,0.15330012800026718
2148,0.6382802069798198
2149,0.41412447341667424
2150,0.2309733159583728
2151,0.3563283341916757
2152,0.4533110190347499
2153,0.5988542405578422
2154,0.27583078166846425
2155,0.17210630245343028
2156,0.09956594991760721
2157,0.25759835465952813
2158,0.3900816218567086
2159,0.2075308171715476
2160,0.2072362822754585
2161,0.13832468985888852
2162,0.3486648693673473
2163,0.7904507205023334
2164,0.2094248072711832
2165,0.19834584185834636
2166,0.1652336205968526
2167,0.14021829202525918
2168,0.2683248405152426
2169,0.8186959225146093
2170,0.17465037868521643
2171,0.1660163468222316
2172,0.2082445407551699
2173,0.4134448981729198
2174,0.25912660908336216
2175,0.5848059875292676
2176,0.26423455277681607
2177,0.40048564432119804
2178,0.15479892499961842
2179,0.16617102430463593
2180,0.508513447114601
2181,0.18122172061845748
2182,0.4626028809016103
2183,0.17792424657973557
2184,0.6151632283453827
2185,0.47437476043071536
2186,0.1722893333944609
2187,0.20696324579837896
2188,0.2577607421689908
2189,0.562751268724353
2190,0.16802922801145678
2191,0.33239442206600595
2192,0.8117202989779083
2193,0.15041195932246926
2194,0.3823875247061352
2195,0.19150596904526151
2196,0.25503151847999567
2197,0.3795267455469304
2198,0.8903159274351
2199,0.7558870609540178
2200,0.36474486092536224
2201,0.26085992284445614
2202,0.1923151419700347
2203,0.14688126919452035
2204,0.7265876586659348
2205,0.25081179645481066
2206,0.20976760792982568
2207,0.2120643720132677
2208,0.18994711450470436
2209,0.26039297933087835
2210,0.23331159781414376
2211,0.10787079370915484
2212,0.33124623895267413
2213,0.2837753104656201
2214,0.24336511674139358
2215,0.15733182592570066
2216,0.6890980289566087
2217,0.15774429746617655
2218,0.11700178936056281
2219,0.5
2220,0.1838071399949172
2221,0.2296481083551969
2222,0.47938689920120364
2223,0.46028831130498377
2224,0.2283363185281663
2225,0.1658711351833208
2226,0.2368545882406051
2227,0.10305342259153094
2228,0.9544684921672606
2229,0.5239682506605596
2230,0.23657366460288787
2231,0.15589169655191146
2232,0.1537119901732531
2233,0.8448792573141459
2234,0.2652681485458536
2235,0.199539310046459
2236,0.1911989312735026
2237,0.8165911459550536
2238,0.3844849580518618
2239,0.19600741741669986
2240,0.13595046135812167
2241,0.16225723221886199
2242,0.23827110650104383
2243,0.2359017290350007
2244,0.25405844012826034
2245,0.3134127091121501
2246,0.25677609279749636
2247,0.16907408498440848
2248,0.18511500167783032
2249,0.2191383927563012
2250,0.4009106427925464
2251,0.48071247514109305
2252,0.21082166054218557
2253,0.7434980873979614
2254,0.6054209251675883
2255,0.6061932134138109
2256,0.6007848464897622
2257,0.2962725542264616
2258,0.18092449435227592
2259,0.25671895097541353
2260,0.7797672379893803
2261,0.8489747442634176
2262,0.3036941411850057
2263,0.16936956073337583
2264,0.9749104763808341
2265,0.27601453293774697
2266,0.7459672539924426
2267,0.624767804652596
2268,0.6457811260384997
2269,0.3128609709790134
2270,0.35708429202170106
2271,0.26564591855392716
2272,0.11207959765747974
2273,0.43112380222758295
2274,0.5688531655775605
2275,0.8558183676086641
2276,0.6707269764549786
2277,0.5964430334167574
2278,0.3490110351043828
2279,0.24359936520700595
2280,0.8969104776410659
2281,0.7629123429415937
2282,0.3283440839407752
2283,0.1398095942123826
2284,0.5071135768126063
2285,0.33543742666648074
2286,0.3039047359068135
2287,0.2331391389890988
2288,0.7275325877414791
2289,0.3697887177844605
2290,0.18569139249633207
2291,0.17962335314549205
2292,0.883609263397402
2293,0.4520773851159093
2294,0.47933434392444246
2295,0.10381992987334855
2296,0.13136542543383894
2297,0.19797160923994706
2298,0.8511681395160978
2299,0.21618080659295422
2300,0.317113459822934
2301,0.15839467662554435
2302,0.07978043118853623
2303,0.8303515151483053
2304,0.2153021949796457
2305,0.648667438169513
2306,0.40065933013696814
2307,0.735009765254962
2308,0.13522058969819767
2309,0.6804254813078183
2310,0.24137398228561385
2311,0.3134980082396308
2312,0.5546033086924769
2313,0.1636950900093897
2314,0.35079971289780487
2315,0.2477651243087063
2316,0.2493598196864687
2317,0.7267663981617631
2318,0.7784064614404547
2319,0.20007383198839143
2320,0.1616378079569183
2321,0.27838131944070743
2322,0.7554729244945356
2323,0.49461386602821766
2324,0.1936509494504142
2325,0.17785161364190907
2326,0.8012761157929322
2327,0.9817396330547301
2328,0.33658965484099945
2329,0.3813951519639184
2330,0.8212165678769462
2331,0.2278153858763111
2332,0.19854977492450138
2333,0.32059083411381323
2334,0.14325023692403643
2335,0.2022250324241608
2336,0.8180399757406926
2337,0.23488005817937527
2338,0.11255446979759261
2339,0.1858226085242057
2340,0.301698923261685
2341,0.14711629853082964
2342,0.21366572582444254
2343,0.21613730160913278
2344,0.8405810019424138
2345,0.20088015784493532
2346,0.236282702043248
2347,0.17620683827623032
2348,0.16056759632983386
2349,0.27568951512126144
2350,0.16683618797024866
2351,0.13520557040766407
2352,0.1676471545616813
2353,0.22143035268348624
2354,0.14572342678170358
2355,0.21176750738730238
2356,0.721446849881509
2357,0.16058487068773028
2358,0.43523176976706646
2359,0.2183744267936298
2360,0.23193223235302746
2361,0.1793415724971078
2362,0.718507054564868
2363,0.14858491243462874
2364,0.46005038019184297
2365,0.25030079049694454
2366,0.31087158101118056
2367,0.21353743293763527
2368,0.30029313939116414
2369,0.24932447993169962
2370,0.14459228256349335
2371,0.2331237219882872
2372,0.2419687014475205
2373,0.20313472545516048
2374,0.9049245682190293
2375,0.3224654195494277
2376,0.233988853216259
2377,0.16371566125391468
2378,0.24111167783138168
2379,0.2568810239635892
2380,0.16263798288856357
2381,0.792840122959646
2382,0.22097198484492694
2383,0.24336578126030162
2384,0.443893734392109
2385,0.3345198850354299
2386,0.24090416803611284
2387,0.8460829758862208
2388,0.3039051978945908
2389,0.171987930239573
2390,0.8537334186630676
2391,0.768352142656047
2392,0.14693972141439793
2393,0.881771824091757
2394,0.15126436458974302
2395,0.13862548666364172
2396,0.27147754562975074
2397,0.2822546241622245
2398,0.22558779998833325
2399,0.1980737021174475
2400,0.2003964822031249
2401,0.1925664671335275
2402,0.18108626703248734
2403,0.3860302011256154
2404,0.7576303138318827
2405,0.20874180430336076
2406,0.17854136409356366
2407,0.21085442373640317
2408,0.16818244392148587
2409,0.24738757816721987
2410,0.1999835068202077
2411,0.13363142820458285
2412,0.7601101522372038
2413,0.4542056793791678
2414,0.11372616126379136
2415,0.1355610757776869
2416,0.7038278083204964
2417,0.5784957162882075
2418,0.32046238224774776
2419,0.4123125989278066
2420,0.21180616508475025
2421,0.14974416235931406
2422,0.14469492200681663
2423,0.980122779448603
2424,0.26426135612657
2425,0.364115982306713
2426,0.1881451100762188
2427,0.8762903335148827
2428,0.38477635960894513
2429,0.8385972551096599
2430,0.17957393862881216
2431,0.22179200175315347
2432,0.3052169898079596
2433,0.21256072325036499
2434,0.7810653805400419
2435,0.2980611274878925
2436,0.9444073764492816
2437,0.1893786318617359
2438,0.4102787344864439
2439,0.18356666251905837
2440,0.17117249397716153
2441,0.5065788257667
2442,0.2339802633138475
2443,0.14964316810079387
2444,0.3929350579314291
2445,0.2967116834634761
2446,0.7427222923980965
2447,0.16217222207559745
2448,0.2672747973019017
2449,0.8603358703535376
2450,0.9639567042049226
2451,0.6264829754948703
2452,0.24018798876092695
2453,0.16436889584643716
2454,0.29629588735175233
2455,0.2017606849080959
2456,0.44860896930129085
2457,0.21573651786952508
2458,0.528096001712405
2459,0.22267656661812893
2460,0.20639205323495055
2461,0.13502561119198722
2462,0.21946443020354747
2463,0.5807976394119756
2464,0.13018297564469355
2465,0.4243880619122029
2466,0.1080155195771366
2467,0.11819033635381734
2468,0.7870222282965186
2469,0.3442468939089479
2470,0.21989752388850525
2471,0.26437792072251887
2472,0.18434113951933426
2473,0.11104706862952426
2474,0.237838774172067
2475,0.300936316838039
2476,0.19199985889718765
2477,0.189261416247514
2478,0.35874939511381215
2479,0.18378734505823408
2480,0.2465093447875009
2481,0.24725391070278216
2482,0.16413447848365476
2483,0.14026730700994255
2484,0.23185227050585966
2485,0.29412891342428
2486,0.886469152846519
2487,0.23961024441873038
2488,0.13783174928186342
2489,0.9081980119340253
2490,0.7768181392556212
2491,0.20652007302386105
2492,0.7543720555407248
2493,0.15465508950503554
2494,0.8652947198038382
2495,0.2653481208953533
2496,0.1768642175535209
2497,0.157198856056917
2498,0.5245458679133279
2499,0.6454385051885019
